{"type":"LSTMTimeStep","options":{"inputSize":1,"inputRange":0,"hiddenLayers":[10],"outputSize":1,"decayRate":0.999,"smoothEps":1e-8,"regc":0.000001,"clipval":5,"maxPredictionLength":100,"dataFormatter":{"indexTable":{},"characterTable":{},"characters":[],"specialIndexes":[]}},"hiddenLayers":[{"inputMatrix":{"rows":10,"columns":1,"weights":[-0.04451674222946167,0.031248949468135834,0.025792226195335388,-0.011586117558181286,0.0030649923719465733,-0.03850019350647926,0.018757333979010582,0.04640275612473488,0.02404976449906826,0.02143421582877636]},"inputHidden":{"rows":10,"columns":10,"weights":[-0.046553533524274826,-0.05524485930800438,-0.033811237663030624,-0.0015337469521909952,0.03160039335489273,0.056063298135995865,-0.05622133985161781,-0.04725809022784233,0.019874464720487595,0.0346355065703392,0.0019749337807297707,-0.062054343521595,-0.028045184910297394,0.026331473141908646,-0.0056238314136862755,0.02824617736041546,0.06800688058137894,-0.05688925087451935,-0.010174090042710304,-0.047443270683288574,-0.008303877897560596,-0.04102557897567749,-0.0013565708650276065,-0.008092854171991348,-0.038102008402347565,0.019868193194270134,-0.0010141797829419374,-0.03040740266442299,-0.005326120648533106,-0.05141351744532585,0.011688639409840107,-0.06545316427946091,-0.020322538912296295,-0.05357440933585167,-0.058008380234241486,0.0043257372453808784,-0.03050275146961212,-0.00302887219004333,0.03707036375999451,0.018698442727327347,0.056806501001119614,-0.05632144585251808,0.06720106303691864,0.06500844657421112,0.04349808394908905,0.061112433671951294,0.06466251611709595,0.060637153685092926,-0.024330908432602882,-0.004924512933939695,0.04289773106575012,-0.045129548758268356,-0.03843914344906807,-0.06154860928654671,0.024135727435350418,0.05719737708568573,-0.03431539237499237,-0.0297539159655571,0.038723502308130264,0.02506762556731701,0.03180723264813423,0.009177660569548607,-0.06232919543981552,-0.06564802676439285,-0.03150656819343567,0.063959039747715,0.008214450441300869,-0.009422311559319496,-0.018618861213326454,-0.002435574773699045,-0.022875871509313583,0.009639030322432518,-0.028927110135555267,0.007599291391670704,0.0613512247800827,-0.03572000935673714,0.03539382293820381,0.009794110432267189,-0.026309490203857422,-0.03112555481493473,0.040821921080350876,-0.028439480811357498,-0.03494752198457718,-0.03695350140333176,0.011987897567451,-0.01762642152607441,0.061573829501867294,0.007744611240923405,0.052309997379779816,-0.0653746947646141,-0.015117134898900986,0.036287080496549606,0.06571386009454727,-0.009965055622160435,0.007275709882378578,-0.018542440608143806,-0.022491497918963432,0.018800780177116394,0.014467975124716759,0.004308199509978294]},"inputBias":{"rows":10,"columns":1,"weights":[0,0,0,0,0,0,0,0,0,0]},"forgetMatrix":{"rows":10,"columns":1,"weights":[-0.01679377816617489,-0.03507628291845322,-0.0037233512848615646,-0.01783899962902069,0.01591361127793789,0.028166111558675766,-0.06756722182035446,-0.039391227066516876,0.0517159104347229,-0.04266029968857765]},"forgetHidden":{"rows":10,"columns":10,"weights":[-0.04833485931158066,0.04481567442417145,0.03880061209201813,0.046102333813905716,0.06586889922618866,0.01839880645275116,0.028863783925771713,0.0241888165473938,-0.02735235169529915,-0.0074921054765582085,0.026988180354237556,0.021472131833434105,0.0022318060509860516,-0.00019915042503271252,-0.055572256445884705,0.06316953152418137,-0.01205515768378973,0.025458309799432755,-0.026696525514125824,-0.010927924886345863,0.05779809504747391,0.06620553135871887,0.06375684589147568,-0.06305282562971115,0.031199397519230843,-0.05455433204770088,-0.02566986158490181,-0.013468547724187374,0.06264381110668182,0.05836071819067001,-0.046023353934288025,-0.05569387227296829,0.028137093409895897,0.058345384895801544,0.022917209193110466,-0.04820331931114197,-0.017541280016303062,0.004760722164064646,-0.024722561240196228,0.0191587395966053,-0.03989427536725998,-0.000487518118461594,-0.04054843634366989,-0.05441473051905632,-0.051745280623435974,-0.027021147310733795,0.0060592032968997955,-0.038653239607810974,0.014446437358856201,-0.04233521223068237,-0.023264959454536438,-0.002070273971185088,-0.058439627289772034,0.010245013982057571,-0.005514452233910561,0.0427827462553978,0.025142863392829895,0.03918581083416939,0.0007641951669938862,-0.052181120961904526,0.061116814613342285,0.04094243794679642,0.019499521702528,0.0019155102781951427,0.0465538389980793,-0.0005620423471555114,0.009842694737017155,-0.06506472826004028,0.061169885098934174,-0.03994326665997505,0.006959093734622002,-0.05731320008635521,0.016439050436019897,0.04986288398504257,-0.044407039880752563,-0.06457717716693878,0.03999924659729004,0.01597258821129799,0.019931398332118988,-0.013329380191862583,0.0024460696149617434,0.029744349420070648,0.05616166070103645,0.01621292158961296,0.027671925723552704,-0.016351759433746338,0.04531531408429146,-0.02662564441561699,0.048738669604063034,-0.02503368817269802,0.006372303701937199,-0.02220177836716175,0.06657528132200241,-0.03970593959093094,0.008811498992145061,-0.033162571489810944,0.008743582293391228,0.0011262635234743357,0.04366325959563255,0.0009427119512110949]},"forgetBias":{"rows":10,"columns":1,"weights":[0,0,0,0,0,0,0,0,0,0]},"outputMatrix":{"rows":10,"columns":1,"weights":[0.06384977698326111,0.032999590039253235,-0.005864392034709454,-0.01942535676062107,0.056691981852054596,0.005244739819318056,0.010347431525588036,-0.044060856103897095,-0.05217091739177704,0.02638586051762104]},"outputHidden":{"rows":10,"columns":10,"weights":[-0.06320634484291077,-0.020292777568101883,0.000044582400732906535,-0.02705947682261467,-0.039875246584415436,-0.016465522348880768,0.04467180743813515,-0.05971318483352661,-0.026696806773543358,-0.03928207978606224,-0.006364041473716497,0.04654655605554581,0.04972919821739197,-0.016474392265081406,-0.04029860347509384,-0.03177103027701378,-0.002602976281195879,-0.06159447506070137,0.01748514175415039,-0.02127690613269806,-0.012104533612728119,-0.0003291679604444653,-0.01770617440342903,-0.044731877744197845,0.046543825417757034,-0.015726124867796898,0.024003954604268074,-0.01463768444955349,-0.023816000670194626,-0.06055052578449249,-0.06748085469007492,0.01420605555176735,-0.04226461797952652,-0.029758183285593987,0.06158997863531113,0.021945590153336525,-0.009058333933353424,0.05774466693401337,-0.06661149114370346,-0.06107533723115921,-0.05100756511092186,0.023694025352597237,0.05399267002940178,0.0454212948679924,0.004155892878770828,0.04015769809484482,-0.03835532069206238,0.06770620495080948,-0.05803625285625458,0.007098856847733259,-0.06023963540792465,0.03518322855234146,-0.053145281970500946,0.05720913037657738,-0.014191525056958199,0.0198522862046957,-0.02090887539088726,-0.03240128979086876,0.034144166857004166,0.02875743806362152,0.032929688692092896,-0.024477748200297356,0.009434526786208153,-0.034061238169670105,-0.02854306995868683,-0.05091015249490738,-0.06671730428934097,-0.06205577030777931,0.04670656844973564,0.017171291634440422,0.0315377414226532,-0.05327657610177994,-0.06670228391885757,-0.00908997468650341,0.012004716321825981,-0.0017952279886230826,0.01707339659333229,0.031101426109671593,0.03370223566889763,-0.04836137220263481,0.036373842507600784,-0.048839617520570755,0.03674652427434921,-0.028742274269461632,0.004869585856795311,0.000896684592589736,-0.024250803515315056,0.001696233986876905,-0.0497528538107872,-0.002533565042540431,-0.044966183602809906,-0.005938901100307703,0.016839835792779922,-0.03540639579296112,-0.05389605462551117,-0.037014566361904144,-0.008681073784828186,0.056669045239686966,-0.06561525911092758,-0.0166715607047081]},"outputBias":{"rows":10,"columns":1,"weights":[0,0,0,0,0,0,0,0,0,0]},"cellActivationMatrix":{"rows":10,"columns":1,