{
    "type": "LSTMTimeStep",
    "options": {
        "inputSize": 1,
        "inputRange": 0,
        "hiddenLayers": [10],
        "outputSize": 1,
        "decayRate": 0.999,
        "smoothEps": 1e-8,
        "regc": 0.000001,
        "clipval": 5,
        "maxPredictionLength": 100,
        "dataFormatter": {
            "indexTable": {},
            "characterTable": {},
            "characters": [],
            "specialIndexes": []
        }
    },
    "hiddenLayers": [
        {
            "inputMatrix": {
                "rows": 10,
                "columns": 1,
                "weights": [
                    -0.06435996294021606, 0.05518084764480591,
                    0.05547131597995758, -0.03060409240424633,
                    -0.06322331726551056, 0.05209489166736603,
                    -0.03874952346086502, -0.04386837035417557,
                    -0.0060399919748306274, 0.03284288942813873
                ]
            },
            "inputHidden": {
                "rows": 10,
                "columns": 10,
                "weights": [
                    0.019589737057685852, -0.057014692574739456,
                    -0.019429035484790802, -0.07562709599733353,
                    -0.046553656458854675, -0.006594420410692692,
                    -0.03968233987689018, -0.053365860134363174,
                    0.013704649172723293, -0.011576819233596325,
                    -0.05486517399549484, -0.04882093891501427,
                    -0.015351708978414536, -0.0011046830331906676,
                    0.01070268265902996, -0.010782068595290184,
                    0.03701702877879143, -0.03917577862739563,
                    0.047639019787311554, -0.015657134354114532,
                    0.06154590845108032, 0.061896588653326035,
                    -0.05158800259232521, -0.0429467149078846,
                    -0.026555735617876053, -0.040336523205041885,
                    0.04307703673839569, 0.073420949280262, 0.06877922266721725,
                    0.051863349974155426, -0.0214228518307209,
                    -0.011123210191726685, -0.02771024964749813,
                    -0.016215931624174118, -0.051501721143722534,
                    0.008661107160151005, -0.06127292662858963,
                    0.028733380138874054, -0.045162372291088104,
                    -0.006152980495244265, 0.053749993443489075,
                    0.026198774576187134, 0.007369668688625097,
                    0.050624605268239975, 0.011309497058391571,
                    -0.06014702469110489, 0.06674173474311829,
                    -0.07348648458719254, 0.06554965674877167,
                    0.02066212333738804, 0.043464358896017075,
                    0.04530026763677597, 0.06887676566839218,
                    -0.07215359061956406, 0.04317539557814598,
                    0.052015502005815506, 0.053450461477041245,
                    0.026468396186828613, 0.06745262444019318,
                    0.05485684797167778, -0.03423595428466797,
                    0.03684345632791519, -0.05478599667549133,
                    0.016094135120511055, 0.04784606397151947,
                    -0.06932441890239716, 0.00659863231703639,
                    0.04340515285730362, -0.06317256391048431,
                    0.07172465324401855, 0.0513271763920784,
                    -0.05396809056401253, -0.04595521464943886,
                    0.028920749202370644, -0.05241996794939041,
                    -0.02238040417432785, 0.0406821109354496,
                    -0.04626975208520889, 0.0297817662358284,
                    0.019305352121591568, 0.04119976609945297,
                    -0.040469083935022354, -0.01312295626848936,
                    -0.020973438397049904, -0.0743403285741806,
                    0.04611628130078316, 0.03598430007696152,
                    -0.07463579624891281, -0.005118741653859615,
                    0.04403082653880119, -0.0051942551508545876,
                    0.05936124920845032, -0.001216907985508442,
                    -0.003810850903391838, -0.05362255126237869,
                    -0.03506610915064812, -0.07514049857854843,
                    -0.04083044454455376, -0.045193862169981,
                    0.027215275913476944
                ]
            },
            "inputBias": {
                "rows": 10,
                "columns": 1,
                "weights": [0, 0, 0, 0, 0, 0, 0, 0, 0, 0]
            },
            "forgetMatrix": {
                "rows": 10,
                "columns": 1,
                "weights": [
                    0.006032900419086218, 0.07528386265039444,
                    -0.026301169767975807, -0.06553854048252106,
                    -0.04719614237546921, 0.05487402528524399,
                    0.019462987780570984, 0.06544136255979538,
                    -0.06890282034873962, 0.019609970971941948
                ]
            },
            "forgetHidden": {
                "rows": 10,
                "columns": 10,