{
    "type": "LSTMTimeStep",
    "options": {
        "inputSize": 1,
        "inputRange": 0,
        "hiddenLayers": [10],
        "outputSize": 1,
        "decayRate": 0.999,
        "smoothEps": 1e-8,
        "regc": 0.000001,
        "clipval": 5,
        "maxPredictionLength": 100,
        "dataFormatter": {
            "indexTable": {},
            "characterTable": {},
            "characters": [],
            "specialIndexes": []
        }
    },
    "hiddenLayers": [
        {
            "inputMatrix": {
                "rows": 10,
                "columns": 1,
                "weights": [
                    0.05447624251246452, 0.05065063387155533,
                    0.07726973295211792, 0.054680146276950836,
                    -0.17485740780830383, 0.05138879641890526,
                    0.29132840037345886, 0.15346914529800415,
                    0.0792388990521431, 0.08045761287212372
                ]
            },
            "inputHidden": {
                "rows": 10,
                "columns": 10,
                "weights": [
                    -0.0659300684928894, -0.06957323104143143,
                    -0.026200540363788605, 0.011585421860218048,
                    0.012934945523738861, -0.017871271818876266,
                    -0.033656734973192215, -0.021267814561724663,
                    -0.027066199108958244, -0.006186092272400856,
                    0.06412389874458313, 0.04029393568634987,
                    -0.03181959688663483, 0.05749691650271416,
                    0.016315098851919174, -0.008665305562317371,
                    -0.04065408557653427, -0.06089584529399872,
                    0.06110692769289017, -0.05740552768111229,
                    -0.028468988835811615, 0.026952330023050308,
                    -0.00837884470820427, 0.06937110424041748,
                    0.002227206714451313, 0.06785786896944046,
                    0.006727463565766811, 0.035451266914606094,
                    0.011189899407327175, 0.000269047130132094,
                    0.03411967307329178, -0.007132312748581171,
                    -0.0321895107626915, 0.034010615199804306,
                    0.0631636530160904, -0.06265481561422348,
                    0.02547520399093628, -0.03800125792622566,
                    -0.012250550091266632, 0.016779368743300438,
                    0.022033557295799255, -0.05471060797572136,
                    -0.002920071827247739, -0.04000736027956009,
                    0.0343632847070694, -0.027238385751843452,
                    0.01841070130467415, -0.04755989834666252,
                    0.018870888277888298, -0.029707804322242737,
                    0.04766205698251724, 0.01590792089700699,
                    0.01965293288230896, 0.041251879185438156,
                    -0.06191626936197281, 0.019111376255750656,
                    0.035327598452568054, 0.05554456263780594,
                    0.06159437820315361, -0.04201267659664154,
                    0.04607260227203369, -0.016093043610453606,
                    -0.05774317681789398, 0.03458404913544655,
                    -0.039231378585100174, 0.04433886706829071,
                    0.030576638877391815, -0.039583563804626465,
                    -0.014389156363904476, -0.011600430123507977,
                    -0.01860383339226246, -0.06968911737203598,
                    -0.00932212546467781, 0.04429791867733002,
                    -0.04605984315276146, 0.03751702234148979,
                    -0.05877743661403656, 0.059127889573574066,
                    -0.06265012174844742, -0.02298392727971077,
                    -0.02580929733812809, 0.05355842784047127,
                    -0.05879244953393936, 0.015853041782975197,
                    -0.06234380230307579, -0.06931474804878235,
                    -0.01973257027566433, -0.01206041406840086,
                    0.024013200774788857, -0.0019634664058685303,
                    -0.024951940402388573, 0.038623105734586716,
                    -0.020909709855914116, -0.007245693355798721,
                    0.014700560830533504, -0.02974517270922661,
                    -0.0256641935557127, 0.020644715055823326,
                    -0.038404837250709534, 0.041595686227083206
                ]
            },
            "inputBias": {
                "rows": 10,
                "columns": 1,
                "weights": [
                    0, 0, 0.00009621350181987509, 0, -0.0006366118905134499, 0,
                    0.06556982547044754, 0.27608388662338257,
                    0.3015415072441101, 0.27853959798812866
                ]
            },
            "forgetMatrix": {
                "rows": 10,
                "columns": 1,
                "weights": [
                    0.03636256977915764, 0.06014208495616913,
                    0.02550634555518627, 0.004605539608746767,
                    -0.062240518629550934, 0.014390935190021992,
                    0.03347808122634888, -0.043405599892139435,
                    -0.05608353391289711, 0.059134066104888916
                ]
            },
            "forgetHidden": {
                "rows": 10,
                "columns": 10,